market_condition,eurusd_return,gold_return,oil_return
Normal day,0.03822110642299931,0.1906463953781872,0.2092371896687739
War event day,-0.12399316734261286,-0.4945267248788457,-0.1314529731245836
